1,"Leatha Gottlieb",adeline.cronin@example.net,"2019-07-05 21:03:18",$2y$10$92IXUNpkjO0rOQ5byMi.Ye4oKoEa3Ro9llC/.og/at2.uheWG/igi,n22Fh3Bxo8,"2019-07-05 21:03:19","2019-07-05 21:03:19"
2,"Mr. Joany Pagac MD",friesen.hector@example.com,"2019-07-05 21:03:18",$2y$10$92IXUNpkjO0rOQ5byMi.Ye4oKoEa3Ro9llC/.og/at2.uheWG/igi,sLU3sWnICX,"2019-07-05 21:03:19","2019-07-05 21:03:19"
3,"Geovany Bednar",jessica69@example.net,"2019-07-05 21:03:18",$2y$10$92IXUNpkjO0rOQ5byMi.Ye4oKoEa3Ro9llC/.og/at2.uheWG/igi,8PvyBI5u7V,"2019-07-05 21:03:19","2019-07-05 21:03:19"
4,"Loy Corwin",fritz.kshlerin@example.org,"2019-07-05 21:03:18",$2y$10$92IXUNpkjO0rOQ5byMi.Ye4oKoEa3Ro9llC/.og/at2.uheWG/igi,SzqX6AhqWi,"2019-07-05 21:03:19","2019-07-05 21:03:19"
5,"Carolanne McLaughlin",marianne.bergnaum@example.org,"2019-07-05 21:03:18",$2y$10$92IXUNpkjO0rOQ5byMi.Ye4oKoEa3Ro9llC/.og/at2.uheWG/igi,OYEkaYzSN5,"2019-07-05 21:03:19","2019-07-05 21:03:19"
6,"Verla Crooks",inader@example.net,"2019-07-05 21:03:18",$2y$10$92IXUNpkjO0rOQ5byMi.Ye4oKoEa3Ro9llC/.og/at2.uheWG/igi,D0upkit21M,"2019-07-05 21:03:19","2019-07-05 21:03:19"
7,"Idella Renner",hintz.marge@example.org,"2019-07-05 21:03:18",$2y$10$92IXUNpkjO0rOQ5byMi.Ye4oKoEa3Ro9llC/.og/at2.uheWG/igi,CYEBM2OsbP,"2019-07-05 21:03:19","2019-07-05 21:03:19"
8,"Prof. Ned Little",arvel08@example.com,"2019-07-05 21:03:18",$2y$10$92IXUNpkjO0rOQ5byMi.Ye4oKoEa3Ro9llC/.og/at2.uheWG/igi,cBaofcaAls,"2019-07-05 21:03:19","2019-07-05 21:03:19"
9,"Prof. Tyrique Mosciski",gkihn@example.org,"2019-07-05 21:03:18",$2y$10$92IXUNpkjO0rOQ5byMi.Ye4oKoEa3Ro9llC/.og/at2.uheWG/igi,InogFbpnZv,"2019-07-05 21:03:19","2019-07-05 21:03:19"
10,"Raina Hagenes",sipes.leonard@example.org,"2019-07-05 21:03:18",$2y$10$92IXUNpkjO0rOQ5byMi.Ye4oKoEa3Ro9llC/.og/at2.uheWG/igi,QF1rfZU86Q,"2019-07-05 21:03:19","2019-07-05 21:03:19"
